"ensembl_id","baseMean","log2FoldChange","lfcSE","stat","pvalue","padj","weight","gene_symbol"
"ENSMUSG00000068748",96.2539511796637,2.22990845050053,0.536106151011777,4.15945320957816,3.19010360989547e-05,0.163906082690778,1.16095025387368,"Ptprz1"
"ENSMUSG00000031722",344.448118512096,2.84726947324077,0.704343135011325,4.04244654587993,5.28963738344865e-05,0.163906082690778,1,"Hp"
"ENSMUSG00000090223",9.72038540914424,3.46063346532334,0.86616032995033,3.99537284918347,6.45925170037346e-05,0.163906082690778,1.89754986852252,"Pcp4"
"ENSMUSG00000039419",46.3858506344457,3.47487533683466,0.874376676198017,3.97411714130366,7.06407920563042e-05,0.18641277736356,0.955346847542093,"Cntnap2"
"ENSMUSG00000095701",18.0089857363445,-2.96112405178865,0.778034022052537,-3.80590561319785,0.000141286260181328,0.163906082690778,2.66054825355303,NA
"ENSMUSG00000096838",18.0089857363445,-2.96112405178865,0.778034022052537,-3.80590561319785,0.000141286260181328,0.237861841118,1,NA
"ENSMUSG00000055301",21.8890833007776,1.75266150981509,0.47076556461964,3.72300278851359,0.000196867346772715,0.19780726003727,2.04788932991134,"Adh7"
"ENSMUSG00000106106",2367.01136915926,-2.36244642102791,0.636654545915828,-3.71071947288074,0.000206671028923891,0.255156052309436,1,NA
"ENSMUSG00000009394",172.067943323433,3.34851504026428,0.942012253321123,3.55464064130683,0.000378496021409621,0.372475958078116,1,"Syn2"
"ENSMUSG00000026922",151.223562412245,0.637184006591398,0.179615703549799,3.54748495815533,0.000388927959594281,0.395010275590631,0.809856632836241,"Agpat2"
"ENSMUSG00000010025",728.664486924488,1.04870434389479,0.298308065004749,3.51550784883438,0.000438913785878351,0.61672520124956,0.321455752139802,"Aldh3a2"
"ENSMUSG00000036622",663.974201070271,-0.729750767779255,0.209115440614755,-3.48970293936184,0.000483557746141544,1,0,"Atp13a2"
"ENSMUSG00000025470",122.67980127252,-0.706592355568194,0.205524486590286,-3.43799596481556,0.000586036431467171,0.417415718243867,1,"Zfp511"
"ENSMUSG00000025332",3265.64913162488,-0.389135248541735,0.116076624919378,-3.35239975156077,0.000801142493938321,0.485741113805421,1,NA
"ENSMUSG00000047730",11454.2568983277,2.70774445457926,0.810210184896452,3.34202717400463,0.000831689180992647,1,0,NA
"ENSMUSG00000074582",1184.27775955907,-0.527353005938364,0.158078748999846,-3.33601454512318,0.000849887170739086,1,0,"Arfgef2"
"ENSMUSG00000050272",162.854535699621,3.50649183342112,1.0572821260254,3.31651481388694,0.000911477550733011,0.460962516895452,1.35623245189201,"Dscam"
"ENSMUSG00000031870",1250.80863568973,2.52096933308026,0.760353846209057,3.31552124796792,0.000914723869534417,1,0,"Pgr"
"ENSMUSG00000095676",49.0258713552268,-2.02340599953398,0.615787418780956,-3.2858839557645,0.00101662883027829,0.417415718243867,1.76367587973401,NA
"ENSMUSG00000078117",236.171202222678,2.88073246384968,0.879992418810432,3.27358781993127,0.00106191386851346,0.395010275590631,2.1743554841064,NA
"ENSMUSG00000028654",137.18680232346,1.88674152710628,0.576771169006648,3.27121331386198,0.00107087102586773,0.485741113805421,1.35623245189201,"Mycl"
"ENSMUSG00000100444",179.418207464625,1.97168107794393,0.603847653342043,3.26519622462968,0.00109388268370823,0.395010275590631,2.1743554841064,NA
"ENSMUSG00000048022",61.0419314798823,1.53341869894906,0.470737052125677,3.25748460212489,0.00112404356505016,0.56982359472499,1,"Tmem229a"
"ENSMUSG00000044103",9.86825271785355,-4.60488994276158,1.4165831624952,-3.25070215761314,0.00115120391067105,0.56982359472499,1,"Il36g"
"ENSMUSG00000030017",9.05294165985768,2.96234738405533,0.912260952720349,3.24725877526782,0.00116522392410586,0.651352932168797,0.59046933967929,NA
"ENSMUSG00000026818",253.268664348001,2.1081067392738,0.657799321714321,3.20478703714647,0.00135162446111578,0.485741113805421,1.72258753566005,"Cel"
"ENSMUSG00000013483",82.6217074748869,-1.75730233038986,0.559036344963371,-3.14344916251376,0.00166969415752689,0.651352932168797,0.955346847542093,"Card14"
"ENSMUSG00000093755",7.20704106012655,5.55565898501558,1.77342361522118,3.13273091512468,0.00173188136949044,1,0,"Vmn1r39"
"ENSMUSG00000072675",4.33153732976386,-4.1450929796855,1.32539561034523,-3.12743828886368,0.00176336834444582,1,0,NA
"ENSMUSG00000017697",203.036366044296,-1.04292012748129,0.334449329732651,-3.11832027983123,0.00181885032010532,0.56982359472499,1.72258753566005,"Ada"
"ENSMUSG00000036523",49.3229812854321,2.47759282007278,0.796545267905676,3.11042312332984,0.00186819518679668,0.651352932168797,1,"Greb1"
"ENSMUSG00000037419",408.169205715866,0.470484435040498,0.15236031106324,3.08797239751771,0.00201527188362541,1,0,"Endod1"
"ENSMUSG00000034032",460.107053878692,-0.537626235415323,0.174204453855983,-3.08617962121556,0.00202746304668539,0.796983714395382,0.321455752139802,"Rpap1"
"ENSMUSG00000063320",32.7576579837676,-1.14795849919772,0.372550742033676,-3.08134804115878,0.00206065628095794,0.651352932168797,1,"Uqcc6"
"ENSMUSG00000030816",1291.84135555552,-0.345217981393346,0.112486574001697,-3.06897053676947,0.00214797774030606,0.814108930273472,0.321455752139802,"Rnf40"
"ENSMUSG00000078949",140.67560012956,1.809334601225,0.589700387481273,3.06822691596494,0.00215333038622596,0.555755427353711,2.1743554841064,"R3hdml"
"ENSMUSG00000078765",119.993680529079,-0.614109064100104,0.200224367006414,-3.06710453518593,0.00216143254053687,0.686465281412761,0.809856632836241,"U2af1l4"
"ENSMUSG00000029838",5537.71620295473,1.33257437481358,0.435555651408457,3.05948130968898,0.00221720621844396,1,0,"Ptn"
"ENSMUSG00000097799",5.81189210306837,-2.95345686118949,0.969945695587045,-3.04497135729022,0.00232702470358747,0.656835994640767,1,NA
"ENSMUSG00000097695",15.9967366056141,-1.45867578553339,0.479611821436781,-3.04136745663109,0.00235506226674501,0.656835994640767,1,NA
"ENSMUSG00000064437",8.84085358090322,-2.9471321202132,0.971495515437333,-3.03360342212851,0.00241651865566579,1,0,"Snord49b"
"ENSMUSG00000026393",2388.36564426463,0.961012476277657,0.316867979638333,3.03284818293896,0.00242257444036654,1,0,"Nek7"
"ENSMUSG00000041482",1229.63946557855,2.16885869756203,0.719284497559288,3.01530021142052,0.0025672501007663,1,0,"Piezo2"
"ENSMUSG00000095079",146.680041870889,2.67398239166163,0.893523610320846,2.99262645192046,0.00276588058383121,0.651352932168797,1.35623245189201,"Igha"
"ENSMUSG00000051076",217.044559399029,1.88559906672589,0.630966042695689,2.98843192681179,0.00280412958560705,0.692808174121154,1,"Vtcn1"
"ENSMUSG00000026303",718.724753372099,1.41695574772487,0.475549641641634,2.97961689726741,0.0028860908573424,1,0,"Mlph"
"ENSMUSG00000022132",115.217482809596,1.54200030790245,0.518531762902613,2.97378177813199,0.00294154188727177,0.747380764030462,0.809856632836241,"Cldn10"
"ENSMUSG00000048970",88.1423208693027,0.677151583821091,0.227982945598493,2.97018525681145,0.00297620209273357,0.700242086612541,1.00910594211926,"C1galt1c1"
"ENSMUSG00000021241",111.517649394809,-0.605529996555965,0.206291950420489,-2.93530598417292,0.00333218920500498,0.642527961108119,2.1743554841064,"Isca2"
"ENSMUSG00000109564",43.2252953496317,3.34880585542171,1.14105023379595,2.93484524715549,0.00333714076015513,0.740430627675242,1,"Muc16"
"ENSMUSG00000028582",609.871436785906,-0.403949692297862,0.137919072522863,-2.92888927476582,0.00340175577518654,1,0,"Cc2d1b"
"ENSMUSG00000064666",6.64366383519507,-3.9622062253077,1.35287446042771,-2.92873163120772,0.00340348138386191,1,0,"Snora52"
"ENSMUSG00000065208",10.9622638818436,-1.79081182566322,0.61230015811785,-2.92472866766521,0.0034475668105061,0.740430627675242,1,"Gm24616"
"ENSMUSG00000029547",1219.28495494367,-0.404137541037093,0.139331508370473,-2.90054665856713,0.00372512375128294,0.85275772967039,0.321455752139802,"Ints1"
"ENSMUSG00000048897",754.867675064389,-0.513572738872074,0.177076219793728,-2.90029197297255,0.00372815211481658,1,0,NA
"ENSMUSG00000070419",195.777500408532,2.94045789377674,1.01550482760945,2.89556269338346,0.00378479420154242,0.750368561182495,1,NA
"ENSMUSG00000088059",12.6657771340929,-1.61130669140593,0.556886666384097,-2.89341941308858,0.00381072064973435,0.651352932168797,1.8214557521398,NA
"ENSMUSG00000115170",7.77560697680456,5.2331304698897,1.80971518595768,2.89168732765007,0.00383179082372091,0.651352932168797,1.8214557521398,"Vmn1r38"
"ENSMUSG00000050747",6.79704418599974,-2.5883648735576,0.901591935404075,-2.87088290380232,0.00409327121444821,1,0,"Trim15"
"ENSMUSG00000024827",126.908872392274,-2.62561770079405,0.914573818483776,-2.87086471067685,0.00409350679420329,0.656835994640767,1.72258753566005,"Gldc"
"ENSMUSG00000015202",447.97105159312,-0.742561691370919,0.258839432331208,-2.8688120843224,0.00412016505575328,1,0,"Cnksr3"
"ENSMUSG00000030741",436.977479116138,-0.483073749261525,0.168600523579074,-2.86519720702387,0.00416749617308168,0.750368561182495,1,"Spns1"
"ENSMUSG00000028461",134.368497971876,-1.00824453426929,0.353626838942118,-2.8511538809822,0.00435608825466797,0.750368561182495,1,"Ccdc107"
"ENSMUSG00000021686",1131.23235650002,-0.262866159256613,0.0922593496428843,-2.84920889074235,0.00438280939545839,1,0,"Ap3b1"
"ENSMUSG00000039202",8320.17288516847,1.00723464254019,0.354279900322356,2.84304766266365,0.00446843875369669,0.884624882529003,0.321455752139802,"Abhd2"
"ENSMUSG00000032534",251.338517811323,-0.44008676604168,0.154911636092171,-2.84088901998189,0.00449879653620346,0.651352932168797,2.1743554841064,"Cep63"
"ENSMUSG00000110840",4.25279896967973,-2.80736842403468,0.994794997995716,-2.82205723761266,0.00477166601110556,0.757759526317705,1,NA
"ENSMUSG00000080538",15.0572324933215,-1.7456339680123,0.623518280882315,-2.79965162455562,0.005115778449399,0.692808174121154,1.8214557521398,"Gm25541"
"ENSMUSG00000111602",78.6887961049958,2.0610968661039,0.737289537638197,2.79550537595628,0.00518186399558519,0.796983714395382,0.955346847542093,NA
"ENSMUSG00000046997",44.8462307946672,1.35876435965999,0.486566696117495,2.79255520466587,0.00522935436761325,0.796983714395382,0.955346847542093,"Spsb4"
"ENSMUSG00000083327",51.6149351576734,-0.779984136254948,0.279564266237669,-2.7899994042581,0.00527081385426885,0.796983714395382,0.955346847542093,NA
"ENSMUSG00000044921",155.022778437957,1.16949360842182,0.419992462512677,2.78455856427785,0.00536006405452594,0.796983714395382,1,"Rassf9"
"ENSMUSG00000003849",78.863481578778,1.12857385915518,0.405339647881662,2.78426713264591,0.00536488291100724,0.796983714395382,0.955346847542093,"Nqo1"
"ENSMUSG00000026764",619.284939184473,1.98571242385087,0.713427329423648,2.78334224377843,0.0053802019771223,1,0,"Kif5c"
"ENSMUSG00000038866",1127.48154962195,-0.453564359388474,0.163109371827173,-2.78073757692513,0.00542355591679815,1,0,"Zcchc2"
"ENSMUSG00000005687",507.412703663326,-0.43944335260612,0.158366530180748,-2.77484991370696,0.0055227187980002,1,0,"Bcas2"
"ENSMUSG00000059323",168.645325559859,-0.661246701095714,0.239988106564604,-2.75533113103548,0.00586327624858731,0.796983714395382,1,"Tonsl"
"ENSMUSG00000032498",144.169879209526,-0.566114169906215,0.205625906301293,-2.75312668568481,0.00590290491499787,0.688699727343849,2.1743554841064,"Mlh1"
"ENSMUSG00000010307",331.126763977103,2.53566636776121,0.922962938606668,2.74731114511394,0.00600861019851457,0.750368561182495,1.35623245189201,"Tmem86a"
"ENSMUSG00000049482",332.540446935656,-0.39926349156407,0.145492120692017,-2.74422758885511,0.00606534713121847,0.750368561182495,1.35640476900685,"Ctu2"
"ENSMUSG00000104737",37.6297913453455,0.901207990033798,0.329003769292882,2.73920262971679,0.00615884019363583,0.740430627675242,1.8214557521398,NA
"ENSMUSG00000031297",7.59047772225546,-1.60399572697332,0.588383833383664,-2.72610434883823,0.00640867342048063,0.740430627675242,1.8214557521398,"Slc7a3"
"ENSMUSG00000110669",33.8167253691114,-1.29355330276289,0.477702022629145,-2.7078664972853,0.0067717256358069,0.700242086612541,2.28182943960692,NA
"ENSMUSG00000039092",43.238141664557,1.46015510449396,0.540208280910472,2.70294839248485,0.00687274162636848,0.750368561182495,1.76367587973401,"Sptlc3"
"ENSMUSG00000030077",67.16973100016,1.57075340015933,0.584918917830146,2.68542075196731,0.00724385510099525,0.83029390567849,1,"Chl1"
"ENSMUSG00000035842",305.996591531439,-0.577820027433652,0.21523092729975,-2.68465147961253,0.00726054734871377,0.796983714395382,1.35640476900685,"Ddx11"
"ENSMUSG00000037973",223.840391907419,1.69566382697054,0.632606271154041,2.68044106467234,0.00735252102928787,0.835345625407251,1,"Itprid1"
"ENSMUSG00000035202",736.674099561827,-1.24100567441901,0.463739114489245,-2.67608583284124,0.00744875660477549,1,0,"Lars2"
"ENSMUSG00000056078",18.7219695800578,2.60161761656128,0.974129000888423,2.6707115938326,0.00756906494725508,0.750368561182495,1.8214557521398,"Lipm"
"ENSMUSG00000115420",1402.73237696636,-1.51186926931453,0.567096471550896,-2.66598250061381,0.00767636886088708,1,0,NA
"ENSMUSG00000028140",447.19487220218,-0.685228171059409,0.25814103314884,-2.65447210271416,0.00794326073646242,0.843804754839396,1,"Mrpl9"
"ENSMUSG00000038970",1838.41248909108,-0.383887589775478,0.144666483752645,-2.65360420615365,0.00796371767488468,0.981449824424052,0.321455752139802,"Lmtk2"
"ENSMUSG00000037243",222.845012610287,-0.527332274743034,0.199244943134355,-2.64665324222278,0.00812926635141577,0.85275772967039,0.809856632836241,"Zfp692"
"ENSMUSG00000002083",151.9759727196,-0.540591588578446,0.204261969788471,-2.64656014596487,0.00813150434365482,0.843804754839396,1,"Bbc3"
"ENSMUSG00000106957",27.2607521123173,2.65473263479037,1.0049116985648,2.64175712013484,0.00824771776590971,0.747380764030462,2.28182943960692,NA
"ENSMUSG00000032311",14.7460026986381,1.53737717207411,0.586149954722446,2.62283935994176,0.0087200376591697,0.757759526317705,1.8214557521398,"Nrg4"
"ENSMUSG00000025178",721.218212477436,-0.345126921036422,0.131824551183111,-2.6180777248164,0.00884266611573791,1,0,"Pi4k2a"
"ENSMUSG00000023017",16.7070265061286,1.72816570056065,0.66240700226958,2.60891822495762,0.00908289449510183,0.757759526317705,1.89754986852252,"Asic1"
"ENSMUSG00000037993",959.00374575058,-0.318193626393043,0.122260818397238,-2.60258053695664,0.00925250806501618,0.85275772967039,1,"Dhx38"
"ENSMUSG00000003360",1502.24541482581,-0.272149573423515,0.104777289032797,-2.59740995339483,0.0093929744576722,1,0,"Ddx23"
"ENSMUSG00000074207",150.41689226061,1.16370152729571,0.448463036857145,2.59486609075074,0.00946277786408924,0.85275772967039,0.809856632836241,"Adh1"
"ENSMUSG00000021591",283.072358889837,-0.797253822733786,0.307844845543793,-2.58979104011138,0.00960342059796245,0.85275772967039,1,"Glrx"
"ENSMUSG00000066900",1157.78182081404,-0.331549508149183,0.128342828643269,-2.5833115231606,0.00978569186892052,1,0,"Suds3"
"ENSMUSG00000027006",958.133077902851,0.403502796277447,0.156663470099639,2.57560231508223,0.0100065663091594,1,0,"Dnajc10"
"ENSMUSG00000016256",1089.79326687632,-0.693803423050344,0.269789254195598,-2.57164958300131,0.0101215280437581,1,0.321455752139802,"Ctsz"
"ENSMUSG00000019428",1479.83710992712,-0.277983572782227,0.108174495870031,-2.56976998641361,0.010176605887544,1,0,"Fkbp8"
"ENSMUSG00000039263",654.630148111407,-0.448867775262589,0.17493114844966,-2.56596826374669,0.0102888241414586,0.85275772967039,1,"Npepl1"
"ENSMUSG00000085438",1473.64941306078,0.274292817230865,0.107014365714298,2.56314014852136,0.010373016750473,1,0,NA
"ENSMUSG00000113599",32.7886573959564,1.87636245803281,0.732307252934126,2.56226119639648,0.0103993076246375,0.796983714395382,1.8214557521398,NA
"ENSMUSG00000110982",207.798578986984,1.54426626625321,0.603835252047538,2.55742979731106,0.0105448840100555,0.843804754839396,1.35623245189201,NA
"ENSMUSG00000021265",44.8268075220786,0.734880935505045,0.287382028050504,2.55715689839832,0.010553160636695,0.85275772967039,1,"Slc25a29"
"ENSMUSG00000015519",37.2005525364366,3.83668849570441,1.50878031482042,2.54290731262692,0.0109934386819732,0.796983714395382,1.76367587973401,"2310057J18Rik"
"ENSMUSG00000057766",30.5365782937033,1.11865557329094,0.440355374841227,2.54034726769096,0.011074245034895,0.796983714395382,1.8214557521398,"Ankrd29"
"ENSMUSG00000056941",297.688915684579,-0.321256884434591,0.126503562003725,-2.53950860628834,0.0111008314107055,0.843804754839396,1.35623245189201,"Commd7"
"ENSMUSG00000022661",1045.61716903663,1.0806491255985,0.426335887699481,2.53473647604405,0.0112531945107521,0.85275772967039,1,"Cd200"
"ENSMUSG00000097454",15.0586485563997,1.13693011098785,0.448901394547295,2.5326945400435,0.0113189541396698,0.921725945062604,0.59046933967929,NA
"ENSMUSG00000063236",157.779440847852,-0.474816667890627,0.188420503361446,-2.51998407508651,0.0117360143811463,0.824618919196053,1.72258753566005,"1110038F14Rik"
"ENSMUSG00000020374",58.9541993144939,2.26785828279845,0.900234148677335,2.51918713162625,0.0117626123995826,0.796983714395382,2.05639593398718,"Rasgef1c"
"ENSMUSG00000070699",132.685906298482,-0.77977570597734,0.309604030245376,-2.51862259467142,0.0117814861805716,0.85275772967039,1,"Sars2"
"ENSMUSG00000031596",2101.22265317684,1.35137710807429,0.53796026386053,2.51203889740199,0.0120035857180709,1,0.321455752139802,"Slc7a2"
"ENSMUSG00000071454",542.619221349464,-0.565277416624746,0.225106735365104,-2.51115283471156,0.0120337584810281,1,0,NA
"ENSMUSG00000032018",305.611440383346,0.434635736663918,0.173133847360084,2.51040303956257,0.0120593434717938,0.843804754839396,1.58152939770723,"Sc5d"
"ENSMUSG00000028980",508.710608778134,0.422948797273855,0.168559234036653,2.50919980558221,0.0121005017702801,0.85275772967039,1,"H6pd"
"ENSMUSG00000108084",8.02529834630129,3.00042382522419,1.19613647359042,2.50842934018882,0.0121269219535803,0.799674413802976,1.89754986852252,NA
"ENSMUSG00000029028",689.69315193233,-0.429283860584978,0.171153602917812,-2.50817892972502,0.0121355198302264,1,0.321455752139802,"Lrrc47"
"ENSMUSG00000052821",88.0197967183989,1.30715460099209,0.521994915314875,2.50415198049121,0.0122745295595274,0.859817659271607,0.955346847542093,"Cysltr1"
"ENSMUSG00000018740",100.731966280282,0.658159539237158,0.262941032923329,2.50306896538689,0.0123121549988127,0.85275772967039,1.16095025387368,"Slc25a35"
"ENSMUSG00000023938",190.830618549038,-0.545279708143655,0.21793063289721,-2.50207922078051,0.0123466294068576,0.859576052577429,1,"Aars2"
"ENSMUSG00000040263",206.778234312102,-0.327127233400293,0.130753199226435,-2.50186791096242,0.0123540007370969,0.83029390567849,1.72258753566005,"Klhdc4"
"ENSMUSG00000064841",14.5619488148881,-2.27913224080801,0.911494343059622,-2.5004348717707,0.0124040938099777,0.859817659271607,1,NA
"ENSMUSG00000001415",1312.73179399094,-0.310327028682759,0.12417752868454,-2.49905946728181,0.0124523413212148,1,0.321455752139802,"Smg5"
"ENSMUSG00000056220",148.918746408596,0.778151877560929,0.311501892479229,2.49806468707992,0.0124873404947138,0.796983714395382,2.1743554841064,"Pla2g4a"
"ENSMUSG00000055407",76.1741646619757,0.83560630839929,0.335616536936936,2.48976500391071,0.012782758293352,0.859817659271607,1.00910594211926,"Map6"
"ENSMUSG00000054169",41.7761924182043,1.78422085690735,0.720574616267653,2.47610839547617,0.0132823245693312,0.843804754839396,1.76367587973401,NA
"ENSMUSG00000066705",215.904602077537,0.695962459255635,0.281365567514186,2.47351680379493,0.0133790512130824,0.85275772967039,1.35623245189201,"Fxyd6"
"ENSMUSG00000059851",401.522503579582,-0.527341255867043,0.213285407277706,-2.47246758509093,0.0134183881819306,1,0,"Kmt5c"
"ENSMUSG00000035451",896.515560525956,1.16284717354263,0.471374962543446,2.46692604814677,0.0136278499344501,1,0,"Foxa1"
"ENSMUSG00000041341",1497.23649286169,-0.317533429701496,0.128871426757129,-2.46395525906545,0.0137413263005533,0.883595908888702,1,"Atg2b"
"ENSMUSG00000024597",4811.01896388133,1.46424720117094,0.594841608617892,2.46157494693941,0.0138328493429749,1,0.321455752139802,"Slc12a2"
"ENSMUSG00000024697",66.2324841089086,1.0580009321482,0.431609238843766,2.4512935241666,0.0142343825246613,0.85275772967039,1.38313578921307,"Gna14"
"ENSMUSG00000105449",131.043977922692,0.749459170652079,0.30653828319339,2.44491214227639,0.0144887432221777,0.814108930273472,2.1743554841064,NA
"ENSMUSG00000047751",69.0158273407223,-1.37589356060858,0.563184236465786,-2.44306120718663,0.0145632671437234,0.89685724379046,1.00910594211926,NA
"ENSMUSG00000027933",869.176360784047,-0.287202613031737,0.11773328777805,-2.43943423692685,0.0147102798595435,1,0.321455752139802,"Ints3"
"ENSMUSG00000013858",1342.25142747182,-0.237301661235034,0.0973534753188202,-2.43752634878109,0.0147881364503242,1,0,"Tmem259"
"ENSMUSG00000020303",1526.28841895543,1.95148942035332,0.801537978919675,2.43468116505667,0.0149049165267164,1,0,"Stc2"
"ENSMUSG00000078887",16.3305528889735,1.784843377197,0.734052368239104,2.43149324819782,0.0150367285726349,0.843804754839396,1.8214557521398,NA
"ENSMUSG00000029375",285.647606559655,2.34943716445319,0.966939251601246,2.42976708263992,0.0151085286492558,0.85275772967039,1.58152939770723,NA
"ENSMUSG00000113640",49.7965455121434,-0.83946487237179,0.345645592630274,-2.42868675391946,0.0151536185287582,0.911135914071667,1,"Adat3"
"ENSMUSG00000042268",62.0595412371232,-1.2037801302846,0.497174749318013,-2.42124148890476,0.0154675981129368,0.843804754839396,2.05639593398718,"Slc26a9"
"ENSMUSG00000034789",260.543039452553,-0.391070475758952,0.162023280577796,-2.4136684207624,0.0157928271165618,0.83029390567849,2.1743554841064,"Rab24"
"ENSMUSG00000085830",9.80821816023921,1.56950244062011,0.650590849490777,2.41242624584803,0.0158467432269044,0.843804754839396,1.89754986852252,NA
"ENSMUSG00000024422",755.398340465851,-0.332827231263692,0.138060087200392,-2.4107418589458,0.0159201119197093,1,0.321455752139802,"Dhx16"
"ENSMUSG00000064453",13.1321266532572,-1.99314466931361,0.82846824162596,-2.40581903948647,0.0161362554845928,0.977084885980962,0.688470462862889,"Snord21"
"ENSMUSG00000027522",637.554747861101,-0.296169009906616,0.123110579137556,-2.40571534941522,0.0161408357507904,0.921725945062604,1,"Stx16"
"ENSMUSG00000021666",289.979637496236,-0.440687338547932,0.183243090879615,-2.40493290324081,0.0161754353405882,0.85275772967039,1.58152939770723,"Gfm2"
"ENSMUSG00000063953",261.957644971986,0.723438135492333,0.300936777042325,2.40395388892792,0.0162188189227419,0.921725945062604,0.809856632836241,"Amd2"
"ENSMUSG00000065686",3.38949264763932,-3.37692983013235,1.40493975260553,-2.4036118444721,0.01623400020672,1,0.59046933967929,"Snora5c"
"ENSMUSG00000080058",26.0382539533342,-1.84146330981066,0.767711313647133,-2.39864031840628,0.0164560701635092,0.921725945062604,1,NA
"ENSMUSG00000021223",801.987613920233,1.44892161006439,0.605339938501749,2.39356685047174,0.0166854403910541,1,0,"Papln"
"ENSMUSG00000015289",135.54509470174,-0.703762111459802,0.294746567175966,-2.38768552320289,0.0169548428527908,0.859817659271607,1.35623245189201,"Lage3"
"ENSMUSG00000019789",26.2980779672869,1.19349420593441,0.499896598325604,2.38748215117287,0.0169642264888513,0.843804754839396,2.04788932991134,"Hey2"
"ENSMUSG00000074884",1949.01154281759,-0.347246673711838,0.145590805071805,-2.38508656876082,0.0170751027599854,0.921725945062604,1,NA
"ENSMUSG00000037876",6555.231939582,-0.345068245402296,0.144928386077875,-2.38095693149359,0.0172677306880837,1,0.321455752139802,"Jmjd1c"
"ENSMUSG00000038838",345.936719356737,-0.550457042219237,0.231388309973383,-2.37893194467152,0.0173628812169511,0.859817659271607,1.35623245189201,"Vars2"
"ENSMUSG00000007603",417.007373114614,-0.325300584198006,0.136773642071761,-2.37838650247634,0.0173885890488117,0.921725945062604,1,"Dus3l"
"ENSMUSG00000034022",1163.78245623516,-0.307361295852196,0.129244299046077,-2.37814200023335,0.017400123781495,0.921725945062604,1,"Cpsf1"
"ENSMUSG00000033022",695.979519327332,1.3837967627391,0.58220816464839,2.3768075522864,0.0174631965300465,1,0,"Cdo1"
"ENSMUSG00000068921",611.910916850679,-0.368331549789946,0.155058288270378,-2.37543928737096,0.0175280756916664,1,0,"Dap3"
"ENSMUSG00000113041",104.100015461114,0.58871296458127,0.247945210330473,2.37436715876305,0.0175790604899095,0.921725945062604,0.955346847542093,NA
"ENSMUSG00000034210",773.898548393275,0.230556641294377,0.0971148184548778,2.37406242386685,0.0175935757850897,1,0,"Efcab14"
"ENSMUSG00000105135",7.16381394597471,1.50217184467866,0.632755520012027,2.3740161834544,0.0175957792508891,0.85275772967039,1.8214557521398,NA
"ENSMUSG00000112449",132.507600553287,-1.05764621669542,0.446109570047111,-2.37082162703599,0.017748594306815,0.843804754839396,2.1743554841064,"Srp54b"
"ENSMUSG00000094668",3.96790656076097,-3.76976735770671,1.59239177648427,-2.36736173432754,0.017915412759392,0.85275772967039,1.89754986852252,NA
"ENSMUSG00000032854",103.125404048843,1.39146704381747,0.588348769384582,2.36503773989867,0.0180282336818992,0.921725945062604,1.00910594211926,"Ugt8a"
"ENSMUSG00000038481",1136.86610177059,0.682362970435964,0.288911647833588,2.36183959889704,0.0181845082344648,0.921725945062604,1,"Cdk19"
"ENSMUSG00000007034",116.870347823241,1.40489690021389,0.595062069094591,2.36092497435014,0.0182294181813715,0.843804754839396,2.1743554841064,"Slc44a4"
"ENSMUSG00000051678",16.2660336086384,1.12436623621455,0.476402540125211,2.36011805461625,0.0182691202011409,0.85275772967039,1.89754986852252,"Pcdhb6"
"ENSMUSG00000096146",61.8854951967262,1.08551441086401,0.461356026881521,2.35287792423871,0.0186287487528534,0.85275772967039,1.76367587973401,"Kcnj11"
"ENSMUSG00000068747",1309.86588306492,0.813072812410146,0.346344061643061,2.34758698778584,0.0188954604149164,1,0,"Sort1"
"ENSMUSG00000018339",3561.64909761764,2.00963672554084,0.856945400226556,2.34511641582946,0.0190211394860234,1,0.321455752139802,"Gpx3"
"ENSMUSG00000116594",25.7165696599579,-1.03628223841528,0.442082131214544,-2.34409437804752,0.019073344333187,0.85275772967039,2.04788932991134,NA
"ENSMUSG00000033579",52.1742502081552,1.60914108203033,0.686603724843295,2.34362416603199,0.0190974044179868,0.85275772967039,1.8214557521398,"Fa2h"
"ENSMUSG00000064899",10.424905490395,-1.74558899112138,0.745009025612723,-2.34304408552064,0.019127122872128,1,0.59046933967929,NA
"ENSMUSG00000041649",54.2893481465721,0.616412690105428,0.263318823200168,2.34093667370239,0.0192354294462792,0.921725945062604,0.955346847542093,"Klf8"
"ENSMUSG00000045268",72.3834059010963,-0.554254841381817,0.236980042296282,-2.33882497450508,0.0193444936302274,0.921725945062604,0.955346847542093,"Zfp691"
"ENSMUSG00000085208",377.563993059624,0.4068904576269,0.174118757704609,2.33685596538189,0.0194466746607593,0.981449824424052,0.809856632836241,NA
"ENSMUSG00000081788",255.674733636408,-0.595424995400473,0.254939175489559,-2.33555707653435,0.0195143378941988,0.89685724379046,1.35623245189201,NA
"ENSMUSG00000064853",39.0436900609995,-1.38058635964362,0.592972509498422,-2.32824682009529,0.0198990013507358,0.921725945062604,1,"Gm23442"
"ENSMUSG00000004151",120.434626599227,0.590197811822458,0.25372421114408,2.32613911443913,0.0200111304836281,0.85275772967039,1.72258753566005,"Etv1"
"ENSMUSG00000020994",1320.61451699528,-0.328972372446182,0.141484216233306,-2.32515245307442,0.0200638097291815,1,0,"Pnn"
"ENSMUSG00000039697",360.746468033937,-0.465542719158511,0.200312050289227,-2.32408743501114,0.0201208083432067,0.911135914071667,1.35623245189201,"Ncoa7"
"ENSMUSG00000027425",395.439003907188,-0.352838078950114,0.151999503495657,-2.32131073349326,0.0202700793571224,1,0.321455752139802,"Kat14"
"ENSMUSG00000028661",14.9762849811304,-1.24360965346206,0.536066978723204,-2.31987737133907,0.0203475120256138,0.85275772967039,1.89754986852252,"Epha8"
"ENSMUSG00000049848",11.3010719375422,-1.98788307278978,0.85760765392334,-2.31793998537177,0.0204525829409748,0.85275772967039,1.8214557521398,"Ceacam19"
"ENSMUSG00000097042",120.478138750417,-0.476805855876829,0.206021514457762,-2.31434982473436,0.0206485407952706,0.85275772967039,2.1743554841064,NA
"ENSMUSG00000022780",107.807244848239,0.93953652009377,0.40606053863304,2.31378435160585,0.0206795541601721,0.921725945062604,1.16095025387368,"Meltf"
"ENSMUSG00000027397",3794.73793670375,-0.486831317077377,0.210461944368014,-2.31315603654266,0.0207140617150885,1,0,"Slc20a1"
"ENSMUSG00000045917",143.089146756328,-0.617456004519358,0.268385784704968,-2.30062857165895,0.0214126346288615,0.921725945062604,1.35623245189201,"Tmem268"
"ENSMUSG00000034247",1140.18640683808,-0.530624443746453,0.230994855526972,-2.29712667208943,0.0216115446387842,1,0,"Plekhm1"
"ENSMUSG00000020042",269.464524887159,-0.527025745491266,0.229983116789815,-2.29158449910444,0.0219296307914418,0.921725945062604,1.35623245189201,"Abtb3"
"ENSMUSG00000039474",196.346767187115,0.67665620580138,0.295516721022359,2.28973915066615,0.022036442424682,1,0.809856632836241,"Wfs1"
"ENSMUSG00000111394",1058.81766725268,-0.50412136248837,0.22032562079727,-2.28807417250957,0.0221332020261942,1,0,NA
"ENSMUSG00000062563",30.8558667239559,1.13463566992731,0.496238302016174,2.28647338449568,0.0222265794616772,0.85275772967039,1.8214557521398,"Cys1"
"ENSMUSG00000048647",54.2989395687292,0.780885918101757,0.341870800875515,2.28415505536578,0.0223624199141718,0.859817659271607,1.76367587973401,"Exd1"
"ENSMUSG00000085609",29.1192788306764,1.15051465472847,0.50380309295421,2.2836593717241,0.0223915575455869,0.9576657140571,1,NA
"ENSMUSG00000029145",345.68189228837,-0.498635138861665,0.218447257149097,-2.28263401138213,0.0224519357875271,0.921725945062604,1.35640476900685,"Eif2b4"
"ENSMUSG00000093483",32.7042387887342,-0.942828172986124,0.413488660425494,-2.28017903082498,0.0225970724744048,0.85275772967039,2.04788932991134,NA
"ENSMUSG00000022218",270.615233224798,-0.955657022850746,0.42033824421826,-2.27354288122906,0.0229934850840984,1,0.809856632836241,"Tgm1"
"ENSMUSG00000104400",10.021437465574,-1.2222108279418,0.53758208462425,-2.27353340615151,0.0229940553718246,0.859817659271607,1.8214557521398,NA
"ENSMUSG00000027175",63.461077336919,0.671596492151505,0.29565310567686,2.27156921153921,0.0231125422432654,0.970569546038623,1,"Tcp11l1"
"ENSMUSG00000020653",766.838710013301,-0.547339327411355,0.241048757393598,-2.27065815783331,0.0231676798474512,1,0,"Klf11"
"ENSMUSG00000081657",7.26514880965157,-1.51720649876344,0.669939028620743,-2.26469340334901,0.0235315005749505,0.977084885980962,1,NA
"ENSMUSG00000057722",288.393602332858,0.875034638251795,0.387634514627116,2.25737029400886,0.0239849463152159,0.981449824424052,1,"Lepr"
"ENSMUSG00000030590",197.798400316307,-0.430800324066987,0.191002065317927,-2.25547469002447,0.0241035492012792,0.887430551657786,1.72258753566005,"Fam98c"
"ENSMUSG00000028639",4297.54062099907,-0.321172904253071,0.143197462739952,-2.24286728345406,0.0249053740627516,1,0,"Ybx1"
"ENSMUSG00000026473",4745.18665794466,1.36938522614967,0.610861316043831,2.24172850724666,0.0249789242800696,1,0,"Glul"
"ENSMUSG00000022105",901.403372780532,0.562245054711013,0.25083872113182,2.24146037810304,0.0249962692852717,1,0,"Rb1"
"ENSMUSG00000060336",28.2992794547257,0.763977562890227,0.341019937701582,2.24027242524091,0.0250732422759223,0.85275772967039,2.66054825355303,NA
"ENSMUSG00000000385",1103.74172218162,1.31898954061494,0.58896087161005,2.23951981225714,0.0251221136858121,1,0,"Tmprss2"
"ENSMUSG00000053907",3896.53604530417,0.332913710592526,0.148947476906665,2.23510808982109,0.0254102534069262,1,0.321455752139802,"Mat2a"
"ENSMUSG00000029270",310.110126150864,0.640981858125066,0.287542838076934,2.22916996441959,0.0258025981711433,0.921725945062604,1.35623245189201,"Dipk1a"
"ENSMUSG00000032320",322.271505546594,0.455894200559344,0.204646494719453,2.22771565759933,0.0258994822276456,0.997602686363227,1,"Rcn2"
"ENSMUSG00000015461",598.688378299648,-0.314354654120636,0.141121750075244,-2.22754220347342,0.0259110584880778,0.997602686363227,1,"Atf6b"
"ENSMUSG00000040943",1740.20194420745,-0.329294726982382,0.147828963719445,-2.22753862773015,0.0259112971788414,1,0.321455752139802,"Tet2"
"ENSMUSG00000071054",2425.16511541306,-0.33643645783345,0.151252058972064,-2.22434299486521,0.0261253760511754,1,0,"Safb"
"ENSMUSG00000028132",2114.04214233012,1.1319049347758,0.50899186374253,2.22381734445242,0.0261607359638998,1,0.321455752139802,"Tlcd4"
"ENSMUSG00000088252",18.349793121112,-1.67143840838851,0.751655050715169,-2.22367747918172,0.0261701515082891,0.859817659271607,2.04788932991134,NA
"ENSMUSG00000041638",2430.68237587211,-0.290627032681921,0.130788651831179,-2.22211199987795,0.0262757375158958,1,0.321455752139802,"Gcn1"
"ENSMUSG00000057182",22.2842093622138,1.28729396222043,0.579444902403968,2.22159856248588,0.0263104471172011,0.85275772967039,2.28182943960692,"Scn3a"
"ENSMUSG00000002486",142.20317008457,-0.578239691550852,0.260526872722906,-2.21950114207935,0.0264526496082919,1,0.809856632836241,NA
"ENSMUSG00000057156",73.8126654431715,0.570674236820681,0.257121271881781,2.21947500743177,0.0264544256851471,1,1,"Homez"
"ENSMUSG00000044533",1149.82134677563,-0.543417424782677,0.245093080850522,-2.21718794711344,0.0266102508745984,1,0,"Rps2"
"ENSMUSG00000042492",700.864061738248,-0.435160127305928,0.196299740636279,-2.21681458108612,0.0266357647034362,1,1,"Tbc1d10b"
"ENSMUSG00000036817",828.174824165412,0.233447215499626,0.105742162777022,2.20770229555353,0.0272650327174426,1,0,"Sun1"
"ENSMUSG00000040761",3699.44515109434,-0.219654977573995,0.0996503177480664,-2.20425767361146,0.0275062278173159,1,0,"Spen"
"ENSMUSG00000038077",71.190794746971,1.12861863461666,0.512995658894153,2.20005494208194,0.0278029971666023,1,0.955346847542093,"Kcna6"
"ENSMUSG00000024776",288.302879959785,-0.658606649500247,0.299453289815125,-2.19936354650455,0.0278520825095027,0.923593275741616,1.35623245189201,"Stambpl1"
"ENSMUSG00000093843",11.5512118150379,-1.41642937018263,0.644286297991315,-2.19844714158692,0.0279172574301527,1,0.59046933967929,NA
"ENSMUSG00000026142",337.873301309776,0.420750235804805,0.191813935820519,2.19353319666253,0.0282689855276398,0.923593275741616,1.35623245189201,"Rhbdd1"
"ENSMUSG00000033703",163.464812387134,-0.409210153478592,0.186637739626402,-2.19253702009958,0.0283407530346833,0.923593275741616,1.35623245189201,"Fcsk"
"ENSMUSG00000030138",944.4925571266,-0.29410142303944,0.134142255146139,-2.19245921219259,0.0283463651500096,1,0,"Bms1"
"ENSMUSG00000032477",333.835212130229,-0.58614227557393,0.267352495103313,-2.1923950077497,0.0283509967980077,0.921725945062604,1.58152939770723,"Cdc25a"
"ENSMUSG00000005481",703.175456637329,-0.364648761426439,0.166555880475013,-2.18934786563207,0.0285715658288917,1,0,"Ddx39a"
"ENSMUSG00000034981",402.831877977368,0.609045904432184,0.278340671324676,2.18813119021959,0.028660047539142,1,0.321455752139802,"Parm1"
"ENSMUSG00000095990",20.7592051679562,0.907544734709836,0.414843607784537,2.1876792065245,0.0286929777403797,0.85275772967039,2.66054825355303,NA
"ENSMUSG00000039270",407.499495469487,0.665405149084214,0.304332220110305,2.18644331790777,0.0287831873468986,1,0.321455752139802,"Megf9"
"ENSMUSG00000002052",3235.92642649527,-0.246542712656935,0.112829745784497,-2.18508613081365,0.0288825319599721,1,0,"Supt6"
"ENSMUSG00000059277",18.5077034956396,-0.935735465534644,0.428355266749833,-2.18448455795719,0.0289266607699407,0.859817659271607,2.28182943960692,NA
"ENSMUSG00000061544",53.635647156658,0.660557018192304,0.302399742353293,2.1843835350249,0.028934077068904,0.921725945062604,1.8214557521398,NA
"ENSMUSG00000098178",419594.303332383,-0.630403999622341,0.289170055295725,-2.18004592134426,0.0292540577650349,1,0,NA
"ENSMUSG00000001632",1205.2958842142,-0.252718468213547,0.116084259843528,-2.17702614078938,0.0294786170830693,1,0,"Brpf1"
"ENSMUSG00000022108",5020.1530646259,0.324882952787564,0.149256796300264,2.17667108527499,0.0295051171664858,1,1,"Itm2b"
"ENSMUSG00000039834",761.489529166657,-0.397150368568379,0.182570751422071,-2.17532307598514,0.0296059144560177,1,0,"Zfp335"
"ENSMUSG00000045007",9.67241224941138,1.22019529012121,0.56193230569562,2.1714275505316,0.0298988682009547,1,1,"Tubg2"
"ENSMUSG00000019359",16.7925239626507,1.50930576021015,0.696014953274176,2.16849616967295,0.0301209557372731,0.921725945062604,1.8214557521398,"Gdpd2"
"ENSMUSG00000039431",327.351233346651,1.47829502052147,0.68191456152008,2.16785958819555,0.0301693714048099,0.954442452536267,1.35623245189201,"Mtmr7"
"ENSMUSG00000040356",946.259187613143,-0.296599138323351,0.136867452057662,-2.16705384563157,0.03023074862315,1,0,"Skic2"
"ENSMUSG00000025737",196.950357007409,-0.305105159862502,0.140830371866328,-2.16647272757398,0.0302750817003769,1,1,"Wdr24"
"ENSMUSG00000081406",579.504237966666,-0.82285827852356,0.380054379474608,-2.16510668726168,0.0303795159785796,1,0,NA
"ENSMUSG00000095562",18.5921316924628,-1.39041258905995,0.643199345340375,-2.16171331505967,0.0306402806744723,0.878700060737447,2.28182943960692,NA
"ENSMUSG00000065734",7.61511629981756,-2.25887907431213,1.04681961172657,-2.15784940309483,0.0309395424157002,1,0.59046933967929,"Snord49a"
"ENSMUSG00000027255",902.064618644415,-0.298747936069926,0.138528327211085,-2.15658372611908,0.0310381136674431,1,0,"Arfgap2"
"ENSMUSG00000077222",8.39061132432534,-1.85747576661424,0.863237669541132,-2.15175476251125,0.031416674495274,1,0.59046933967929,NA
"ENSMUSG00000025586",61.316112741233,0.833052863173505,0.387476846367286,2.14994230231724,0.0315597789567714,0.921725945062604,1.76367587973401,"Cpeb1"
"ENSMUSG00000045302",1004.94320815693,-0.276122921960161,0.12844702590699,-2.14970272772299,0.0315787365596723,1,1,"Preb"
"ENSMUSG00000022540",254.750966601348,-0.714263659428217,0.332293413977368,-2.1494968885446,0.0315950324697791,1,1,"Rogdi"
"ENSMUSG00000105935",12.3863755508908,-1.39401174293882,0.649027363972955,-2.14784741032414,0.031725879291783,0.921725945062604,1.8214557521398,NA
"ENSMUSG00000065628",5.40745866336636,-1.90863680961529,0.889388887097673,-2.14600928491889,0.0318722379277412,0.921725945062604,1.89754986852252,NA
"ENSMUSG00000030279",554.657215154422,-0.388535481829702,0.181056581069241,-2.14593404744076,0.0318782409373112,1,1,"C2cd5"
"ENSMUSG00000027983",24.24043818974,0.914624585000233,0.42636751705279,2.14515540799744,0.0319404235699194,0.85275772967039,2.66054825355303,"Cyp2u1"
"ENSMUSG00000024797",124.887236793454,-0.682198755528989,0.318278207185907,-2.14340391558922,0.032080678960818,1,1,"Vps51"
"ENSMUSG00000025608",3773.27163701592,0.856048635939266,0.399649720077683,2.14199733649975,0.0321936963637074,1,0,"Podxl"
"ENSMUSG00000071753",13.8085034499911,1.56126813404756,0.730284157142686,2.13789128351927,0.0325255678609572,0.921725945062604,1.89754986852252,NA
"ENSMUSG00000096980",6.7490650647434,-1.66902273342557,0.780936495617747,-2.13720672908917,0.0325811809728835,1,0,NA
"ENSMUSG00000028807",193.920092440046,1.24034584558408,0.580938954864445,2.13507087999203,0.032755220837274,0.911135914071667,2.1743554841064,"Zbtb8a"
"ENSMUSG00000039676",72.9978978280726,0.802656458033951,0.37705493065479,2.12875205381896,0.0332747796588748,1,1.16095025387368,"Capsl"
"ENSMUSG00000001663",110.423385856016,0.717429530070084,0.337198714564809,2.12761644419672,0.033368897689161,1,1.00910594211926,NA
"ENSMUSG00000064427",8.48793228145697,-1.55883370872734,0.732954338395246,-2.12678147473729,0.033438244224873,1,1,NA
"ENSMUSG00000049643",188.180716651612,-0.308984671493498,0.145613180059408,-2.12195538458425,0.0338414848106133,0.921725945062604,1.72258753566005,"2310022A10Rik"
"ENSMUSG00000107182",15.377159460837,0.958073632697444,0.452227031699471,2.11856781116555,0.0341270084527909,1,0.688470462862889,NA
"ENSMUSG00000110445",4.02148842468977,-2.603224323027,1.22924117378561,-2.11774904595005,0.0341963267257918,1,0.59046933967929,NA
"ENSMUSG00000036368",42.3391999838002,0.609367837742863,0.287782214474823,2.11746177175996,0.0342206764238993,0.921725945062604,1.8214557521398,"Rmdn2"
"ENSMUSG00000096243",1110.59476972662,-1.24180465987984,0.587062205162878,-2.11528633415485,0.0344055504934946,1,0.321455752139802,NA
"ENSMUSG00000002733",281.14186982829,0.425483865749036,0.201259253320414,2.11410833901707,0.0345060151181544,1,1,"Plekha3"
"ENSMUSG00000036352",191.016071648606,-0.41616647095318,0.196938864049041,-2.11317594910849,0.0345857110308148,0.921725945062604,1.72258753566005,"Ubac1"
"ENSMUSG00000025507",83.477824611812,-0.604896352942122,0.286305603765715,-2.1127646297734,0.0346209184500309,0.98626458739525,1.38313578921307,"Pidd1"
"ENSMUSG00000044748",24.4170995767204,3.53899068514601,1.6768628405203,2.11048309952884,0.0348167653793808,0.921725945062604,1.8214557521398,NA
"ENSMUSG00000002808",68.2050349914156,1.08536088722003,0.514589275656355,2.10917898713622,0.0349291349644816,1,0.955346847542093,"Epdr1"
"ENSMUSG00000091476",27.0649950947742,0.973320796829146,0.461488810401968,2.10908861686454,0.0349369332297808,0.921725945062604,1.8214557521398,"Catspere2"
"ENSMUSG00000005682",619.929876135968,-0.304670754660392,0.144515481452549,-2.10822225825286,0.0350117688368506,1,0,"Pan2"
"ENSMUSG00000014776",37.4968533569724,0.885718038207099,0.420606637813033,2.10581088974829,0.035220782530289,1,0.955346847542093,"Nol3"
"ENSMUSG00000061388",13.1319490135415,-3.01786303137714,1.43357551671646,-2.10513014221213,0.0352799810880273,0.921725945062604,1.89754986852252,NA
"ENSMUSG00000051451",1073.38017163032,-0.335505073300297,0.159604654464148,-2.10210080919451,0.0355444460226798,1,0,"Crebzf"
"ENSMUSG00000063200",372.54124939268,-0.361712900651772,0.172373956340317,-2.09841967041497,0.0358680891565574,1,0.809856632836241,"Nol7"
"ENSMUSG00000099032",12.2458273890834,1.0752211095141,0.513514552143733,2.0938473993102,0.0362735762423721,1,0.688470462862889,"Tcf24"
"ENSMUSG00000055452",41.0830363435359,-1.04031730603417,0.498152908191908,-2.08834935805173,0.0367663321098704,0.921725945062604,1.8214557521398,NA
"ENSMUSG00000028445",57.4589405156692,1.17788879751274,0.564114089222036,2.08803293521202,0.0367948638440677,0.923593275741616,1.76367587973401,"Enho"
"ENSMUSG00000005268",5513.63940102746,1.02895863788747,0.492886125701304,2.08761939976178,0.0368321806154825,1,0,"Prlr"
"ENSMUSG00000043639",159.318419285552,1.38224689489391,0.662369974002134,2.08681997848147,0.0369044104938196,1,1,"Rbm20"
"ENSMUSG00000075232",2175.86935249685,0.593589263575294,0.285689932781688,2.07773951919016,0.0377333570497641,1,1,"Amd1"
"ENSMUSG00000029405",1564.46760335195,0.322220310509667,0.155197164960646,2.07619972047411,0.0378754831306016,1,0,"G3bp2"
"ENSMUSG00000095609",20.1467030176568,-1.1615657307352,0.559852262808818,-2.07477187804429,0.0380076820919095,0.921725945062604,2.04788932991134,NA
"ENSMUSG00000036095",54.7017418165343,0.998539954410951,0.482938234243209,2.06763491396724,0.0386743664058231,1,0.955346847542093,"Dgkb"
"ENSMUSG00000046516",291.651961249712,-0.363618311376318,0.176030535714215,-2.06565474507588,0.0388610912617745,1,1.35640476900685,"Cox17"
"ENSMUSG00000034912",45.5906407631743,1.75773944580326,0.851229322315115,2.06494231310392,0.0389284588583208,0.921725945062604,2.05639593398718,"Mdga2"
"ENSMUSG00000029060",388.868807837763,-0.404679286010691,0.196175395354202,-2.062844248536,0.0391274284629163,0.981449824424052,1.58152939770723,"Mib2"
"ENSMUSG00000022389",1032.67339163929,0.735242735011633,0.356967694943681,2.05968984147888,0.0394282011835776,1,0,"Tef"
"ENSMUSG00000029086",594.178579671948,1.22430054079914,0.594476572177327,2.059459696309,0.0394502221456983,1,0,"Prom1"
"ENSMUSG00000079317",59.1578243768466,0.491087783309129,0.238671704460978,2.05758694529045,0.0396298008814495,0.921725945062604,2.05639593398718,"Trappc2"
"ENSMUSG00000025155",354.44346445823,-0.298660344997551,0.145465836054026,-2.05313050197318,0.040059922429479,0.992405327735441,1.58152939770723,"Dus1l"
"ENSMUSG00000060923",40.6760429574995,-0.691344778558085,0.33681166844654,-2.0526152842232,0.0401099040202021,0.921725945062604,2.05639593398718,"Acyp2"
"ENSMUSG00000024170",268.953323959089,-0.27930363620842,0.13619536867322,-2.05075722419436,0.0402905951472794,1,1.35640476900685,"Telo2"
"ENSMUSG00000000976",321.774329192853,-0.366083022354766,0.178738519992179,-2.04814844819564,0.0405454559476655,1,1.35640476900685,"Heatr6"
"ENSMUSG00000066392",337.63734031833,2.98376430703076,1.45716545958118,2.04764962510733,0.0405943431156562,1,1.35623245189201,"Nrxn3"
"ENSMUSG00000040859",1053.61843378864,-0.359046600605984,0.175512931070976,-2.04569884631913,0.0407860093295476,1,0,"Bsdc1"
"ENSMUSG00000043243",69.1189687322156,-0.796175851497899,0.390062713648576,-2.04114831702475,0.0412360870382239,1,1.16095025387368,"Niban3"
"ENSMUSG00000022848",507.003952240116,-0.391816009067859,0.191985745416626,-2.0408598993513,0.0412647546924888,1,0,"Slc49a4"
"ENSMUSG00000046410",271.783133719638,-0.726146314508247,0.35608402647022,-2.03925551422896,0.0414245329756162,1,0.809856632836241,"Kcnk6"
"ENSMUSG00000021326",708.677166970264,-0.392393040221451,0.193067160620913,-2.03241731509127,0.0421114266502474,1,0,"Trim27"
"ENSMUSG00000020680",1017.85148767234,-0.357426749588405,0.175888538667499,-2.03212075270059,0.0421414329564389,1,0,"Taf15"
"ENSMUSG00000042606",228.448764209763,-0.419338575650953,0.206627518987651,-2.02944204966239,0.0424132858390134,0.981449824424052,1.72258753566005,"Hirip3"
"ENSMUSG00000001962",244.822503160987,-0.318610416831797,0.157048672498074,-2.02873677162539,0.0424851084180269,0.921725945062604,2.1743554841064,"Fam50a"
"ENSMUSG00000028911",1134.82438249334,-0.272676660724231,0.134546014023074,-2.02664242938826,0.0426989940566281,1,0.321455752139802,"Srsf4"
"ENSMUSG00000105265",17.2883494275848,1.20225665231704,0.594704599642557,2.02160308334532,0.0432173732755518,1,1,NA
"ENSMUSG00000030043",28.220898116664,1.10456305894126,0.546425153450287,2.02143523585386,0.0432347302528074,0.921725945062604,2.28182943960692,"Tacr1"
"ENSMUSG00000095738",24.4533447719024,-1.79909834559878,0.890819599202903,-2.01959897066543,0.0434250020187082,1,1,NA
"ENSMUSG00000062729",213.185949055433,-0.357448495980747,0.17704315325212,-2.01899079074648,0.0434881766959744,1,0.809856632836241,"Ppox"
"ENSMUSG00000019929",2922.39825227664,0.946376700267155,0.469285975794329,2.01663111424817,0.0437340235141394,1,1,"Dcn"
"ENSMUSG00000002210",302.463403464148,-0.370833679447542,0.183989189416057,-2.01551884990901,0.0438503130174622,1,0.809856632836241,"Smg9"
"ENSMUSG00000112300",26.6892995215218,0.717885761152709,0.356543004975814,2.0134619138059,0.0440660578251225,0.921725945062604,2.66054825355303,NA
"ENSMUSG00000071076",7289.52085589968,-0.495266483769699,0.246203518528533,-2.0116141586023,0.0442606257218448,1,0,"Jund"
"ENSMUSG00000019932",13.8641196917487,-1.53280556965757,0.762788119261702,-2.00947750882796,0.0444865175631935,0.981449824424052,1.8214557521398,"Kera"
"ENSMUSG00000038007",405.716225023114,0.593002235405467,0.295625298093679,2.00592520068277,0.0448642290829237,1,1,"Acer2"
"ENSMUSG00000028991",1199.74488955664,-0.200889316557557,0.100337471651494,-2.00213652238829,0.0452700504606934,1,1,"Mtor"
"ENSMUSG00000030792",174.613112642934,1.27692870666289,0.639334606050551,1.99727762986433,0.0457950320622618,0.928658547939192,2.1743554841064,"Dkkl1"
"ENSMUSG00000064246",996.93943826277,1.18010718709656,0.591295830968245,1.99579825408905,0.0459558869350333,1,1,"Chi3l1"
"ENSMUSG00000038762",1573.68216972147,-0.357334577656453,0.179066520011917,-1.99554097344759,0.0459839099891067,1,0,"Abcf1"
"ENSMUSG00000041168",1064.97060957833,-0.40671054212746,0.20427284743301,-1.99101616900326,0.0464791096769027,1,0,"Lonp1"
"ENSMUSG00000097461",24.1327545026103,-1.62217344297248,0.815231637808907,-1.98983131632672,0.0466095204426072,0.921725945062604,2.66054825355303,NA
"ENSMUSG00000103284",24.6821385088033,-0.887503614276868,0.446057581072616,-1.98966154132551,0.0466282319230619,0.960644510673973,2.04788932991134,NA
"ENSMUSG00000085715",30.1272306406466,-1.00724434229132,0.506365071786159,-1.98916631184366,0.0466828489698776,0.960644510673973,2.04788932991134,NA
"ENSMUSG00000029472",2126.8424519752,-0.281277928398958,0.14151385291829,-1.98763529222378,0.046852040142022,1,0,"Anapc5"
"ENSMUSG00000035283",42.3779138328266,0.829084562337924,0.417481638238378,1.98591862826917,0.0470423599371473,1,0.955346847542093,"Adrb1"
"ENSMUSG00000005299",725.804623085929,-0.337489901929361,0.170120496252548,-1.98382857658932,0.0472749532861343,1,0.321455752139802,"Letm1"
"ENSMUSG00000000384",591.050444497759,-0.338690369779469,0.170800727383654,-1.98295624947018,0.0473723166986483,1,1,"Tbrg4"
"ENSMUSG00000024381",689.046937882613,-0.379310973427742,0.191421477049687,-1.9815486708907,0.0475297768893405,1,0,"Bin1"
"ENSMUSG00000095362",80.239430282944,0.508506158203878,0.256659079783949,1.98125138854206,0.0475630888987617,1,1.16095025387368,NA
"ENSMUSG00000007570",186.523572321283,-0.306274365907591,0.15468412919506,-1.97999864305001,0.0477036811586494,1,0.809856632836241,"Fance"
"ENSMUSG00000025733",524.823989690847,-0.233713659514106,0.11820865088152,-1.97712822006874,0.0480271386489579,1,0.321455752139802,"Rhot2"
"ENSMUSG00000073422",214.331239868078,-0.371801287390742,0.18870788874497,-1.97024771917836,0.0488099869919694,1,1,"Hsd17b8"
"ENSMUSG00000001909",630.964057716367,-0.328459293780333,0.167017122673197,-1.96662047892557,0.0492269807276392,1,0,"Trmt1"
"ENSMUSG00000096215",66.6927258615514,-0.985111210684982,0.500964465796142,-1.96642931374269,0.0492490400755562,1,0.955346847542093,"Smim22"
"ENSMUSG00000033128",711.058320860895,-0.23919761857999,0.121667678848401,-1.96599146826851,0.0492995961481581,1,1,"Gga1"
"ENSMUSG00000065773",15.5850462751323,-2.6388674842726,1.34226775771252,-1.96597695885188,0.0493012722311938,1,1,NA
"ENSMUSG00000039347",105.581642759446,0.40181554671853,0.204688245143339,1.96306117352829,0.0496390663350864,1,1.00910594211926,"Atp6v0e2"
"ENSMUSG00000113311",12.1700522471541,-1.28007936927171,0.652887561426122,-1.96064291143117,0.0499206929245719,1,1,NA
"ENSMUSG00000072647",254.680143804764,0.457575930913121,0.233452073253137,1.96004226707792,0.0499908502451745,1,1.72258753566005,NA
